word,sentenceId,sentence,decision,categories,rationale,reviewType,selectionSource,seed,semanticDecisionSource,defaultLearningAppropriateness,targetTeachingValue,contextVocabularyLoad,syntaxSimplicity,standaloneClarity,topicNeutrality,naturalModernEnglish,finalEditorDecision,severeInappropriate
project,9516767,The risks of such a project would clearly outweigh any putative benefit.,reject,context-too-hard,"For project, the uncommon adjective putative is harder than the target and makes the intended sentence meaning less accessible.",phase-a-random-review,,216485889,sentence-read,NO,PASS,FAIL,PASS,PASS,PASS,PASS,FAIL,false
credit,11076065,I took out a loan to consolidate my credit card debt.,pass,,The loan and credit-card debt give credit a familiar financial meaning without requiring specialist background.,phase-a-random-review,,216485889,sentence-read,YES,PASS,PASS,PASS,PASS,PASS,PASS,PASS,false
explore,12759616,Spacecraft can travel billions of miles to explore distant planets.,pass,,"Spacecraft, miles, and planets provide a clear concrete setting for explore.",phase-a-random-review,,216485889,sentence-read,YES,PASS,PASS,PASS,PASS,PASS,PASS,PASS,false
climate,12767892,What actions are needed to combat climate change effectively?,pass,,"The direct question links climate to a familiar everyday issue, climate change, and keeps the target central.",phase-a-random-review,,216485889,sentence-read,YES,PASS,PASS,PASS,PASS,PASS,PASS,PASS,false
quota,12381034,Tom didn't meet his sales quota this month.,pass,,"A missed sales quota is a short, ordinary workplace situation that makes quota immediately clear.",phase-a-random-review,,216485889,sentence-read,YES,PASS,PASS,PASS,PASS,PASS,PASS,PASS,false
solemn,12206483,"Mary extended her little finger, sealing their agreement with a solemn pinky swear.",pass,,The pinky-swear agreement shows solemn as serious in a playful but understandable everyday contrast.,phase-a-random-review,,216485889,sentence-read,YES,PASS,PASS,PASS,PASS,PASS,PASS,PASS,false
garbage,11919291,I ate from the garbage cans on the sidewalk a lot.,pass,,"Garbage cans make the noun concrete, and the sentence is grammatically direct despite its unpleasant situation.",phase-a-random-review,,216485889,sentence-read,YES,PASS,PASS,PASS,PASS,PASS,PASS,PASS,false
optimism,8077005,Tom's wide-eyed optimism is beginning to grate on my nerves.,pass,,"Wide-eyed optimism is the cause of the speaker's irritation, clearly showing optimism as an attitude.",phase-a-random-review,,216485889,sentence-read,YES,PASS,PASS,PASS,PASS,PASS,PASS,PASS,false
generate,10903593,Researchers have devised a way to generate electricity using raw sewage and special bacteria.,pass,,Generating electricity from sewage gives generate a concrete production meaning; the scientific setting remains understandable.,phase-a-random-review,,216485889,sentence-read,YES,PASS,PASS,PASS,PASS,PASS,PASS,PASS,false
faith,6036907,"Science builds planes and skyscrapers, but faith brings them together.",reject,unnatural-English; weak-teaching-value,"The contrast between science and faith is an abstract slogan, and faith brings them together does not give a precise or natural teaching context.",phase-a-random-review,,216485889,sentence-read,NO,FAIL,PASS,PASS,PASS,PASS,FAIL,FAIL,false
poetry,9517301,Old English poetry was based on alliteration rather than end rhyme.,pass,,The comparison of alliteration and end rhyme places poetry in a clear literary form; the sentence is a complete modern explanation.,phase-a-random-review,,216485889,sentence-read,YES,PASS,PASS,PASS,PASS,PASS,PASS,PASS,false
detail,11383950,Tom was able to describe the room in detail from memory.,pass,,Describing a room from memory demonstrates detail in its ordinary meaning of specific information.,phase-a-random-review,,216485889,sentence-read,YES,PASS,PASS,PASS,PASS,PASS,PASS,PASS,false
assume,11240477,"To prevent road rage, assume there will always be assholes on the road.",reject,other,"The target assume is understandable, but road rage and the profanity add unnecessary hostile emotional load to a default learning example.",phase-a-random-review,,216485889,sentence-read,NO,PASS,PASS,PASS,PASS,PASS,PASS,FAIL,false
routine,12768410,Mary's skincare routine is her daily moment of peace.,pass,,"A daily skincare routine and a moment of peace give routine a clear, contemporary habit context.",phase-a-random-review,,216485889,sentence-read,YES,PASS,PASS,PASS,PASS,PASS,PASS,PASS,false
unity,12766838,Spirituality reveals the unity of all things.,reject,religious-heavy; weak-teaching-value,"The spiritual claim that all things are unified is vague and belief-dependent, so it supplies little concrete teaching value for unity.",phase-a-random-review,,216485889,sentence-read,NO,FAIL,PASS,PASS,PASS,PASS,PASS,FAIL,false
strand,8971219,There is no strand that goes with the other.,reject,unnatural-English; weak-teaching-value,The wording about a strand going with the other is awkward and leaves the intended meaning of strand unclear.,phase-a-random-review,,216485889,sentence-read,NO,FAIL,PASS,PASS,PASS,PASS,FAIL,FAIL,false
impose,11690636,Schools have no right to impose cis ideology on children.,reject,political-heavy; context-too-hard; public-controversy,The phrase cis ideology makes impose depend on a sensitive culture-war claim and specialist identity vocabulary unrelated to basic verb teaching.,phase-a-random-review,,216485889,sentence-read,NO,PASS,FAIL,PASS,PASS,FAIL,PASS,FAIL,false
intelligent,11066563,How common is intelligent life in the universe?,pass,,The question about intelligent life uses intelligent in a familiar contrast with ordinary life and keeps the sentence self-contained.,phase-a-random-review,,216485889,sentence-read,YES,PASS,PASS,PASS,PASS,PASS,PASS,PASS,false
betray,11979494,Don't tell me that my knee is going to betray me again!,pass,,Personifying a painful knee as betraying the speaker is a natural figurative use that clearly shows betray.,phase-a-random-review,,216485889,sentence-read,YES,PASS,PASS,PASS,PASS,PASS,PASS,PASS,false
exploit,11267108,"Drug prohibition doesn't aim to help addicts, but to exploit their vulnerability.",reject,political-heavy; medical-heavy,The sentence makes exploit depend on a contentious drug-prohibition argument and addiction-policy background rather than a neutral example.,phase-a-random-review,,216485889,sentence-read,NO,PASS,PASS,PASS,PASS,FAIL,PASS,FAIL,false
volunteer,12765408,Mary became a trusted volunteer at the local child care center.,pass,,A trusted volunteer at a childcare center gives volunteer a normal civic role with simple surrounding vocabulary.,phase-a-random-review,,216485889,sentence-read,YES,PASS,PASS,PASS,PASS,PASS,PASS,PASS,false
diverse,11753259,Bangladesh is a diverse country with a rich culture and history.,pass,,"A country with rich culture and history is a straightforward, neutral setting for diverse.",phase-a-random-review,,216485889,sentence-read,YES,PASS,PASS,PASS,PASS,PASS,PASS,PASS,false
mental,12187297,Tom is a patient advocate for people with mental health conditions.,pass,,Patient advocate and mental health conditions show mental in a common social-health collocation without technical detail.,phase-a-random-review,,216485889,sentence-read,YES,PASS,PASS,PASS,PASS,PASS,PASS,PASS,false
remote,11989538,Head to a remote area and look up at the sky after midnight.,pass,,"Going to a remote area and looking at the sky gives remote a concrete, standalone location contrast.",phase-a-random-review,,216485889,sentence-read,YES,PASS,PASS,PASS,PASS,PASS,PASS,PASS,false
appropriate,11844549,People marching with swastika flags are not appropriate for children.,reject,extremism; hate,Swastika flags introduce extremist imagery and historical hate into an example whose target appropriate does not need that burden.,phase-a-random-review,,216485889,sentence-read,NO,PASS,PASS,PASS,PASS,FAIL,PASS,FAIL,false
conduct,12766103,Did they conduct a cybersecurity audit recently?,pass,,"Conducting a cybersecurity audit is a clear modern example of conduct meaning carry out, and the sentence is a complete question.",phase-a-random-review,,216485889,sentence-read,YES,PASS,PASS,PASS,PASS,PASS,PASS,PASS,false
literal,10129480,I decided to interpret your remark in the most literal way possible.,pass,,Interpreting a remark literally demonstrates the target contrast with figurative meaning in a self-contained sentence.,phase-a-random-review,,216485889,sentence-read,YES,PASS,PASS,PASS,PASS,PASS,PASS,PASS,false
previous,12338108,Do you want to overwrite the previous saved data?,pass,,"Overwriting previously saved data is a common, concrete use of previous with no extra background.",phase-a-random-review,,216485889,sentence-read,YES,PASS,PASS,PASS,PASS,PASS,PASS,PASS,false
toss,11011223,I'm going to toss another log on the fire.,pass,,Tossing a log onto a fire is an ordinary physical action that makes the target immediately understandable.,phase-a-random-review,,216485889,sentence-read,YES,PASS,PASS,PASS,PASS,PASS,PASS,PASS,false
wealth,12382856,The adventurers were promised untold wealth and glory.,pass,,Untold wealth and glory provides a familiar narrative phrase in which wealth is the central noun.,phase-a-random-review,,216485889,sentence-read,YES,PASS,PASS,PASS,PASS,PASS,PASS,PASS,false
perspective,9930918,"People need to hear your perspective, however unfashionable it may be.",pass,,"A person's perspective is directly contrasted with how unfashionable it may seem, making the target's viewpoint meaning clear.",phase-a-random-review,,216485889,sentence-read,YES,PASS,PASS,PASS,PASS,PASS,PASS,PASS,false
stereotype,12380405,"Contrary to stereotype, not every whale is big. That's according to our onboard naturalist.",pass,,The whale example explicitly contrasts a stereotype with an exception and remains understandable despite the naturalist aside.,phase-a-random-review,,216485889,sentence-read,YES,PASS,PASS,PASS,PASS,PASS,PASS,PASS,false
potential,12768718,I see the potential in every challenge I face.,pass,,The phrase potential in every challenge shows the target as a possible quality or opportunity in ordinary language.,phase-a-random-review,,216485889,sentence-read,YES,PASS,PASS,PASS,PASS,PASS,PASS,PASS,false
crush,8787817,The emperor swore to crush the separatists once and for all.,reject,violence; political-heavy,"Crushing separatists frames the target in violent political conflict, adding unnecessary ideological background to a common verb.",phase-a-random-review,,216485889,sentence-read,NO,PASS,PASS,PASS,PASS,FAIL,PASS,FAIL,false
force,12778540,Is love the most powerful force in the universe?,pass,,Love as a powerful force is an accessible metaphor that clearly illustrates force as an influence.,phase-a-random-review,,216485889,sentence-read,YES,PASS,PASS,PASS,PASS,PASS,PASS,PASS,false
millionaire,8736656,"Whenever someone blames immigrants for their problems, a millionaire opens a bottle of champagne.",reject,political-heavy; public-controversy,Blaming immigrants and a millionaire's reaction makes millionaire part of a loaded political and class satire rather than a neutral example.,phase-a-random-review,,216485889,sentence-read,NO,PASS,PASS,PASS,PASS,FAIL,PASS,FAIL,false
productive,10139336,Shouldn't you be doing something more productive with your time?,pass,,The question about doing something productive is everyday self-management language with the target used naturally.,phase-a-random-review,,216485889,sentence-read,YES,PASS,PASS,PASS,PASS,PASS,PASS,PASS,false
donation,13148360,Please make a donation to charity in lieu of flowers.,reject,death-heavy; context-dependent,"A donation in lieu of flowers assumes an obituary or funeral context, adding death-related background not needed to teach donation.",phase-a-random-review,,216485889,sentence-read,NO,PASS,PASS,PASS,FAIL,FAIL,PASS,FAIL,false
theme,10485504,You can toggle on the dark theme in the hamburger menu.,pass,,A dark theme in a menu is a concrete modern interface use that makes theme easy to understand.,phase-a-random-review,,216485889,sentence-read,YES,PASS,PASS,PASS,PASS,PASS,PASS,PASS,false
account,10054440,Someone hacked into my account and changed the password.,pass,,"A hacked account and changed password give account a familiar, self-contained digital meaning.",phase-a-random-review,,216485889,sentence-read,YES,PASS,PASS,PASS,PASS,PASS,PASS,PASS,false
toll,11117042,Space travel takes a heavy toll on one's body.,pass,,Space travel taking a toll on the body shows toll as a cost or harmful effect in a clear metaphor.,phase-a-random-review,,216485889,sentence-read,YES,PASS,PASS,PASS,PASS,PASS,PASS,PASS,false
universe,11535617,Everything in the universe is either a potato or not a potato.,pass,,"The playful potato comparison still places universe in a complete, memorable sentence and does not require outside context.",phase-a-random-review,,216485889,sentence-read,YES,PASS,PASS,PASS,PASS,PASS,PASS,PASS,false
survive,12759621,Astronauts must wear special suits to survive in space.,pass,,Astronaut suits and survival in space give survive a concrete cause-and-effect setting.,phase-a-random-review,,216485889,sentence-read,YES,PASS,PASS,PASS,PASS,PASS,PASS,PASS,false
obscene,9945613,"Tom didn't say anything, but he made an obscene gesture before walking away.",pass,,"An obscene gesture is a common, concise example of obscene without graphic detail.",phase-a-random-review,,216485889,sentence-read,YES,PASS,PASS,PASS,PASS,PASS,PASS,PASS,false
cabin,12764849,The mountain cabin had a stunning view of the valley below.,pass,,"A mountain cabin with a valley view is a simple, vivid setting that makes cabin clear.",phase-a-random-review,,216485889,sentence-read,YES,PASS,PASS,PASS,PASS,PASS,PASS,PASS,false
rupture,11165197,"After extensively studying the quake and its aftermath, scientists say the rupture is unprecedented.",pass,,A quake's aftermath and an unprecedented rupture give rupture a concrete scientific meaning that remains readable.,phase-a-random-review,,216485889,sentence-read,YES,PASS,PASS,PASS,PASS,PASS,PASS,PASS,false
fundamental,6940259,Strict and inviolable gender roles have been fundamental to authoritarian regimes throughout history.,reject,political-heavy; public-controversy; context-too-hard,"Gender roles, authoritarian regimes, and inviolable add political and specialist load that is disproportionate to teaching fundamental.",phase-a-random-review,,216485889,sentence-read,NO,PASS,FAIL,PASS,PASS,FAIL,PASS,FAIL,false
charge,12361250,Tom told me you were in charge around here.,pass,,Being in charge around here is a common idiom that directly demonstrates charge as responsibility or control.,phase-a-random-review,,216485889,sentence-read,YES,PASS,PASS,PASS,PASS,PASS,PASS,PASS,false
distort,1569414,Get the facts first. You can distort them later.,pass,,"The two short clauses show distort as deliberately changing facts, a clear and memorable verb use.",phase-a-random-review,,216485889,sentence-read,YES,PASS,PASS,PASS,PASS,PASS,PASS,PASS,false
constant,11992031,I've been in constant goblin mode ever since I was laid off.,reject,context-too-hard; other,"Goblin mode is niche internet slang, so the sentence makes the ordinary target constant depend on cultural knowledge that a default learner may not have.",phase-a-random-review,,216485889,sentence-read,NO,PASS,FAIL,PASS,PASS,PASS,PASS,FAIL,false
rating,10092480,I don't want my rating to go down.,pass,,"A rating going down is a direct, everyday example of rating as an evaluation.",phase-a-random-review,,216485889,sentence-read,YES,PASS,PASS,PASS,PASS,PASS,PASS,PASS,false
label,9805889,"If you had a warning label, what would yours say?",pass,,A hypothetical warning label invites a clear label description and uses the target in a familiar object context.,phase-a-random-review,,216485889,sentence-read,YES,PASS,PASS,PASS,PASS,PASS,PASS,PASS,false
spouse,8811887,"Mary is my spouse, and I am their husband.",pass,,The sentence directly identifies a spouse and uses a complete family relationship context without extra background.,phase-a-random-review,,216485889,sentence-read,YES,PASS,PASS,PASS,PASS,PASS,PASS,PASS,false
approve,10142346,Tom's parents didn't approve of his lifestyle.,pass,,Parents not approving of a lifestyle shows approve in a natural interpersonal judgment without specifying a sensitive group.,phase-a-random-review,,216485889,sentence-read,YES,PASS,PASS,PASS,PASS,PASS,PASS,PASS,false
twist,10819776,You could see the film's twist ending coming from a mile away.,pass,,"A film's twist ending is a familiar storytelling context, and the idiom reinforces that twist was predictable.",phase-a-random-review,,216485889,sentence-read,YES,PASS,PASS,PASS,PASS,PASS,PASS,PASS,false
cumulative,9445676,"Lost sleep has a cumulative effect, I've been told.",pass,,Lost sleep having a cumulative effect gives cumulative a clear additive meaning in an ordinary health context.,phase-a-random-review,,216485889,sentence-read,YES,PASS,PASS,PASS,PASS,PASS,PASS,PASS,false
accomplish,8921476,I can't believe such a lazy man will accomplish his job!,reject,unnatural-English; weak-teaching-value,"The collocation accomplish his job is unnatural, so the sentence does not model the target accomplish accurately.",phase-a-random-review,,216485889,sentence-read,NO,FAIL,PASS,PASS,PASS,PASS,FAIL,FAIL,false
conflict,12765633,Will the mission reach the conflict zone in time?,pass,,"A mission reaching a conflict zone makes conflict a concrete noun for an area of disagreement or danger, with simple syntax.",phase-a-random-review,,216485889,sentence-read,YES,PASS,PASS,PASS,PASS,PASS,PASS,PASS,false
terrain,10820386,The stunning photos reveal a complex and varied terrain on the icy dwarf planet.,pass,,Photos of varied terrain on a planet give terrain a concrete landscape meaning; the science setting is understandable.,phase-a-random-review,,216485889,sentence-read,YES,PASS,PASS,PASS,PASS,PASS,PASS,PASS,false
breach,12766137,Did the cybersecurity breach affect the whole network?,pass,,A cybersecurity breach affecting a network is a concise modern example that clearly shows breach as unauthorized access.,phase-a-random-review,,216485889,sentence-read,YES,PASS,PASS,PASS,PASS,PASS,PASS,PASS,false
argue,12391094,I don't want to watch you argue with people online.,pass,,"Arguing with people online is an ordinary, self-contained use of argue.",phase-a-random-review,,216485889,sentence-read,YES,PASS,PASS,PASS,PASS,PASS,PASS,PASS,false
invest,9004057,I can't decide whether to invest in a corporate bond or a gilt.,reject,context-too-hard; specialist-background,Corporate bonds and especially a gilt introduce specialist finance vocabulary that is harder than invest and unnecessary for its basic meaning.,phase-a-random-review,,216485889,sentence-read,NO,PASS,FAIL,PASS,PASS,PASS,PASS,FAIL,false
electricity,10903593,Researchers have devised a way to generate electricity using raw sewage and special bacteria.,pass,,The sewage-and-bacteria example describes generating electricity in a clear cause-and-effect sentence; both the action and result are understandable.,phase-a-random-review,,216485889,sentence-read,YES,PASS,PASS,PASS,PASS,PASS,PASS,PASS,false
equivalent,12123651,Liquorice is the food equivalent of nails on a chalkboard.,pass,,"Liquorice and the chalkboard comparison make equivalent visible as a similar sensory effect, despite the informal simile.",phase-a-random-review,,216485889,sentence-read,YES,PASS,PASS,PASS,PASS,PASS,PASS,PASS,false
eligible,11699064,"Unfortunately, you are no longer eligible for the prize.",pass,,"No longer eligible for a prize is a common, direct condition that clearly defines eligible.",phase-a-random-review,,216485889,sentence-read,YES,PASS,PASS,PASS,PASS,PASS,PASS,PASS,false
fragile,12767050,Trust is fragile in a world of betrayal.,pass,,Trust being fragile in a world of betrayal gives fragile a familiar metaphorical meaning with simple syntax.,phase-a-random-review,,216485889,sentence-read,YES,PASS,PASS,PASS,PASS,PASS,PASS,PASS,false
ruin,10154231,Continuity errors can ruin a show's immersive experience.,pass,,Continuity errors ruining a show's experience clearly illustrates ruin as damaging an outcome.,phase-a-random-review,,216485889,sentence-read,YES,PASS,PASS,PASS,PASS,PASS,PASS,PASS,false
queer,11451409,The way reactionaries are making queer kids feel right now is unconscionable.,reject,public-controversy; political-heavy,Reactionaries and queer children place queer in a current identity conflict with unnecessary ideological and emotional load.,phase-a-random-review,,216485889,sentence-read,NO,PASS,PASS,PASS,PASS,FAIL,PASS,FAIL,false
embark,11715327,Care to embark on the journey of a lifetime with me?,pass,,"Embarking on a lifelong journey is a natural, readable phrase that directly shows embark as beginning a trip.",phase-a-random-review,,216485889,sentence-read,YES,PASS,PASS,PASS,PASS,PASS,PASS,PASS,false
yacht,11867524,Another orca attacked a yacht in completely different waters.,pass,,A yacht attacked by an orca supplies a clear object-and-event context for yacht without graphic detail.,phase-a-random-review,,216485889,sentence-read,YES,PASS,PASS,PASS,PASS,PASS,PASS,PASS,false
brink,12765073,The crisis had pushed them to the brink of despair.,pass,,A crisis pushing someone to the brink of despair gives brink a clear boundary metaphor and remains self-contained.,phase-a-random-review,,216485889,sentence-read,YES,PASS,PASS,PASS,PASS,PASS,PASS,PASS,false
eclipse,12759695,A solar eclipse happens when the moon passes directly between Earth and the sun.,pass,,"The moon's position between Earth and the sun is a precise, accessible explanation of eclipse.",phase-a-random-review,,216485889,sentence-read,YES,PASS,PASS,PASS,PASS,PASS,PASS,PASS,false
expand,12435341,Can you expand on what you were talking about earlier?,pass,,Asking someone to expand on an earlier point is a common conversational use of the target.,phase-a-random-review,,216485889,sentence-read,YES,PASS,PASS,PASS,PASS,PASS,PASS,PASS,false
attack,11959445,The exact moment of the attack was caught on camera.,pass,,"The camera-recorded attack is a short, direct event context that makes attack unambiguous.",phase-a-random-review,,216485889,sentence-read,YES,PASS,PASS,PASS,PASS,PASS,PASS,PASS,false
cable,11211329,Could graphene be used to make a cable for a space elevator?,reject,specialist-background; fantastical-context,Graphene and a space elevator require specialist or speculative science background that overwhelms the simple target cable.,phase-a-random-review,,216485889,sentence-read,NO,PASS,FAIL,PASS,PASS,PASS,FAIL,FAIL,false
disclose,12116570,I'm not at liberty to disclose to you the details of my mission.,pass,,Not being at liberty to disclose mission details is a natural collocation and clearly demonstrates disclose.,phase-a-random-review,,216485889,sentence-read,YES,PASS,PASS,PASS,PASS,PASS,PASS,PASS,false
owe,10564925,"You haven't forgot about the debt you owe me, have you?",pass,,A debt someone owes is an ordinary financial relationship that makes owe clear.,phase-a-random-review,,216485889,sentence-read,YES,PASS,PASS,PASS,PASS,PASS,PASS,PASS,false
infectious,9805228,How long is someone infectious after a viral infection?,pass,,The question about remaining infectious after a viral infection is a simple health use with the target central.,phase-a-random-review,,216485889,sentence-read,YES,PASS,PASS,PASS,PASS,PASS,PASS,PASS,false
behavior,11592852,Augury is divination based on the behavior of birds.,reject,context-too-hard; religious-heavy,"Augury and divination are obscure terms, so the bird-behavior sentence makes behavior depend on specialist religious background.",phase-a-random-review,,216485889,sentence-read,NO,PASS,FAIL,PASS,PASS,PASS,PASS,FAIL,false
response,12765131,Mary joined the emergency response team during the crisis.,pass,,Joining an emergency response team gives response a familiar organizational meaning in a complete sentence.,phase-a-random-review,,216485889,sentence-read,YES,PASS,PASS,PASS,PASS,PASS,PASS,PASS,false
quantitative,11613752,Latin poetry used quantitative verse during the life of the language.,reject,specialist-background; context-too-hard,"Quantitative verse in Latin poetry is a specialist literary topic, and the surrounding terminology is harder than quantitative.",phase-a-random-review,,216485889,sentence-read,NO,PASS,FAIL,PASS,PASS,PASS,PASS,FAIL,false
orbit,12759671,Space stations are like floating laboratories in orbit around Earth.,pass,,"A space station orbiting Earth is a concrete, familiar setting that makes orbit clear.",phase-a-random-review,,216485889,sentence-read,YES,PASS,PASS,PASS,PASS,PASS,PASS,PASS,false
faculty,12465802,I wonder what my old faculty advisor is up to.,pass,,A faculty advisor is a common university role and gives faculty a straightforward institutional meaning.,phase-a-random-review,,216485889,sentence-read,YES,PASS,PASS,PASS,PASS,PASS,PASS,PASS,false
supplementary,10352324,You may need a supplementary dose after six months.,pass,,"A supplementary dose after six months is a concise, understandable example of something added to a main dose.",phase-a-random-review,,216485889,sentence-read,YES,PASS,PASS,PASS,PASS,PASS,PASS,PASS,false
aid,12765295,Tom provided first aid to injured civilians during the emergency.,pass,,Providing first aid to injured civilians shows aid as help in a direct emergency context; the target meaning is not obscured.,phase-a-random-review,,216485889,sentence-read,YES,PASS,PASS,PASS,PASS,PASS,PASS,PASS,false
combat,12767892,What actions are needed to combat climate change effectively?,pass,,Combating climate change gives combat a clear figurative meaning of actively fighting a problem.,phase-a-random-review,,216485889,sentence-read,YES,PASS,PASS,PASS,PASS,PASS,PASS,PASS,false
alcohol,9320681,I don't think all of the alcohol in this dish burned off.,pass,,Alcohol burning off in food is an ordinary cooking question with the target used naturally.,phase-a-random-review,,216485889,sentence-read,YES,PASS,PASS,PASS,PASS,PASS,PASS,PASS,false
assign,12465773,You can't assign a string to a variable of type integer.,reject,specialist-background; context-too-hard,Assigning a string to an integer variable requires programming type knowledge that is much harder than the target assign.,phase-a-random-review,,216485889,sentence-read,NO,PASS,FAIL,PASS,PASS,PASS,PASS,FAIL,false
commission,11112092,You can commission me to draw your fursona by clicking here.,reject,context-too-hard; weak-teaching-value,The niche word fursona and the click-through commission request make this a specialized online context with weak default teaching value.,phase-a-random-review,,216485889,sentence-read,NO,FAIL,FAIL,PASS,PASS,PASS,PASS,FAIL,false
trait,12768284,Kindness is the most beautiful trait a person can have.,pass,,"Kindness is named as a personal trait, giving trait a simple and familiar definition.",phase-a-random-review,,216485889,sentence-read,YES,PASS,PASS,PASS,PASS,PASS,PASS,PASS,false
compatible,9800499,The pillow vowed to never bring compatible people together.,reject,unnatural-English; fantastical-context; weak-teaching-value,A talking pillow promising not to bring compatible people together is absurd and does not model a natural use of compatible.,phase-a-random-review,,216485889,sentence-read,NO,FAIL,PASS,PASS,PASS,PASS,FAIL,FAIL,false
critic,11690629,James was an outspoken critic of cisgenderism.,reject,context-too-hard; public-controversy,"Cisgenderism is specialist identity vocabulary tied to a charged debate, adding unnecessary load to teaching critic.",phase-a-random-review,,216485889,sentence-read,NO,PASS,FAIL,PASS,PASS,FAIL,PASS,FAIL,false
protest,12490314,Throwing food on people as a form of protest has a long history.,reject,violence; political-heavy,"Throwing food at people frames protest through harassment and confrontation rather than a neutral, standalone civic example.",phase-a-random-review,,216485889,sentence-read,NO,PASS,PASS,PASS,PASS,FAIL,PASS,FAIL,false
convince,10291458,I know what I saw and you can't convince me otherwise.,pass,,The speaker's certainty about what was seen makes convince clear as changing someone's belief.,phase-a-random-review,,216485889,sentence-read,YES,PASS,PASS,PASS,PASS,PASS,PASS,PASS,false
pumpkin,8289410,Smash the boiled pumpkin pieces then add some salt and spices.,pass,,"Smashing boiled pumpkin while cooking is a concrete, everyday verb use.",phase-a-random-review,,216485889,sentence-read,YES,PASS,PASS,PASS,PASS,PASS,PASS,PASS,false
insist,10143793,Why do you insist on being right all the time?,pass,,Insisting on being right is a common interpersonal situation that clearly shows insist.,phase-a-random-review,,216485889,sentence-read,YES,PASS,PASS,PASS,PASS,PASS,PASS,PASS,false
alien,12759640,Landing on an alien planet is a dream many scientists hope to achieve.,pass,,Landing on an alien planet gives alien a clear contrast with familiar Earth life in a readable science-fiction setting.,phase-a-random-review,,216485889,sentence-read,YES,PASS,PASS,PASS,PASS,PASS,PASS,PASS,false
confirm,12141775,Tom can neither confirm nor deny any of the claims made about him.,pass,,Confirm or deny claims is a standard phrase that directly demonstrates confirm.,phase-a-random-review,,216485889,sentence-read,YES,PASS,PASS,PASS,PASS,PASS,PASS,PASS,false
conception,11168053,The popular conception of evolutionary psychology is even less scientific than the discipline itself.,reject,specialist-background; context-too-hard,Evolutionary psychology and its scientific status require academic background that is harder than conception and distracts from the target.,phase-a-random-review,,216485889,sentence-read,NO,PASS,FAIL,PASS,PASS,PASS,PASS,FAIL,false
pledge,11516152,Five is too young to pledge allegiance to a flag.,pass,,Pledging allegiance to a flag is a recognizable civic phrase that clearly shows pledge as a promise or commitment.,phase-a-random-review,,216485889,sentence-read,YES,PASS,PASS,PASS,PASS,PASS,PASS,PASS,false
scope,8679645,The team needs to define the scope of the project by Monday.,pass,,Defining a project's scope by a deadline is a common teamwork example with both targets used plainly.,phase-a-random-review,,216485889,sentence-read,YES,PASS,PASS,PASS,PASS,PASS,PASS,PASS,false
monitor,11600981,Whoever invented the touchscreen monitor did not have a cat.,pass,,"A touchscreen monitor and a cat make monitor a concrete object in a light, self-contained sentence.",phase-a-random-review,,216485889,sentence-read,YES,PASS,PASS,PASS,PASS,PASS,PASS,PASS,false
illusion,12777891,Is time an illusion created by the mind?,pass,,The question about time being an illusion gives illusion a familiar abstract meaning without requiring a prior story.,phase-a-random-review,,216485889,sentence-read,YES,PASS,PASS,PASS,PASS,PASS,PASS,PASS,false
magnificent,10650947,But this magnificent appellation was all she gained by her marriage.,reject,context-too-hard; archaic,Appellation is an uncommon literary word and the marriage sentence makes magnificent secondary to a difficult historical title.,phase-a-random-review,,216485889,sentence-read,NO,PASS,FAIL,PASS,PASS,PASS,FAIL,FAIL,false
aspect,11767591,The right wants to dictate every aspect of your life.,reject,political-heavy; public-controversy,"The claim about the political right dictating every aspect of life is a current ideological argument, not a neutral context for aspect.",phase-a-random-review,,216485889,sentence-read,NO,PASS,PASS,PASS,PASS,FAIL,PASS,FAIL,false
linen,10968851,Through a piece of linen he punched holes with a porcupine quill.,reject,context-too-hard; weak-teaching-value,"Porcupine quills and punching holes are unusually specific craft details, while the sentence gives linen little ordinary teaching context.",phase-a-random-review,,216485889,sentence-read,NO,FAIL,FAIL,PASS,PASS,PASS,PASS,FAIL,false
economy,12766071,Will the economy recover from the global recession?,pass,,Recovery from a global recession is a familiar economic context that makes economy clear.,phase-a-random-review,,216485889,sentence-read,YES,PASS,PASS,PASS,PASS,PASS,PASS,PASS,false
reaction,13320174,Mary took the mickey out of Tom's dramatic reaction to a tiny spider.,reject,context-too-hard; unnatural-English,"Took the mickey is a region-specific idiom, so the sentence makes reaction depend on cultural knowledge unrelated to the target.",phase-a-random-review,,216485889,sentence-read,NO,PASS,FAIL,PASS,PASS,PASS,FAIL,FAIL,false
logical,10755878,There's got to be a logical explanation for this.,pass,,"A logical explanation is a common phrase that gives logical a clear, standalone use.",phase-a-random-review,,216485889,sentence-read,YES,PASS,PASS,PASS,PASS,PASS,PASS,PASS,false
supplement,11699269,I'm looking for an easy way to supplement my income.,pass,,Supplementing income is an ordinary financial use that clearly shows adding to an existing amount.,phase-a-random-review,,216485889,sentence-read,YES,PASS,PASS,PASS,PASS,PASS,PASS,PASS,false
heritage,12767975,Mary explored the cultural heritage of a remote island.,pass,,Exploring the cultural heritage of an island gives heritage a clear social and historical meaning.,phase-a-random-review,,216485889,sentence-read,YES,PASS,PASS,PASS,PASS,PASS,PASS,PASS,false
claim,10099733,You are every bit the monster you claim we've become.,reject,context-dependent; weak-teaching-value,"The accusation about becoming a monster leaves the referent and situation unresolved, so claim is not taught in a clear standalone context.",phase-a-random-review,,216485889,sentence-read,NO,FAIL,PASS,PASS,FAIL,PASS,PASS,FAIL,false
significant,10164869,Tom was responsible for more than one significant scientific breakthrough.,pass,,A significant scientific breakthrough is a familiar academic collocation that directly illustrates significant.,phase-a-random-review,,216485889,sentence-read,YES,PASS,PASS,PASS,PASS,PASS,PASS,PASS,false
species,12479338,How do you know humans are the only species using the Internet?,pass,,The sentence uses species in a clear comparison between humans and other possible users of the Internet.,phase-a-random-review,,216485889,sentence-read,YES,PASS,PASS,PASS,PASS,PASS,PASS,PASS,false
temperament,11905387,Tom's moody temperament sometimes leads him to make blunt remarks.,pass,,Moody temperament leading to blunt remarks gives temperament a direct personality meaning.,phase-a-random-review,,216485889,sentence-read,YES,PASS,PASS,PASS,PASS,PASS,PASS,PASS,false
define,8679645,The team needs to define the scope of the project by Monday.,pass,,"The team defining a project's scope by Monday is a complete, practical example of define.",phase-a-random-review,,216485889,sentence-read,YES,PASS,PASS,PASS,PASS,PASS,PASS,PASS,false
series,9867055,Her new book takes the form of a series of vignettes.,reject,context-too-hard; weak-teaching-value,"Vignettes is a literary term harder than series, and the sentence provides little accessible reason for the target beyond a book label.",phase-a-random-review,,216485889,sentence-read,NO,FAIL,FAIL,PASS,PASS,PASS,PASS,FAIL,false
overlook,10722017,The above ground pool and deck overlook the pasture and rolling hills.,pass,,A pool and deck overlooking a pasture show overlook as a direct spatial relationship.,phase-a-random-review,,216485889,sentence-read,YES,PASS,PASS,PASS,PASS,PASS,PASS,PASS,false
poverty,12153697,A society that allows poverty hates children.,reject,political-heavy; weak-teaching-value,The claim that a society allowing poverty hates children is an ideological moral judgment that overloads poverty with an unnecessary argument.,phase-a-random-review,,216485889,sentence-read,NO,FAIL,PASS,PASS,PASS,FAIL,PASS,FAIL,false
reflect,11237460,The sentences I write don't necessarily reflect my actual thoughts or opinions.,pass,,The writer's sentences not reflecting personal thoughts gives reflect a clear figurative correspondence meaning.,phase-a-random-review,,216485889,sentence-read,YES,PASS,PASS,PASS,PASS,PASS,PASS,PASS,false
consumer,12187281,Tom is a consumer of mental health services.,pass,,Being a consumer of mental health services is a neutral service-user context that directly demonstrates consumer.,phase-a-random-review,,216485889,sentence-read,YES,PASS,PASS,PASS,PASS,PASS,PASS,PASS,false
corrupt,8610426,"To keep their power structures intact, corrupt politicians often rail against leftists.",reject,political-heavy; public-controversy,Corrupt politicians and leftists turn corrupt into a partisan political accusation that is not needed for its ordinary meaning.,phase-a-random-review,,216485889,sentence-read,NO,PASS,PASS,PASS,PASS,FAIL,PASS,FAIL,false
flat,9039969,"If the Earth was flat, cats would've knocked everything off by now.",pass,,"The flat-Earth cat joke still gives flat a clear geometric meaning in a short, memorable sentence.",phase-a-random-review,,216485889,sentence-read,YES,PASS,PASS,PASS,PASS,PASS,PASS,PASS,false
critical,12765203,The space crew faced a critical emergency on their mission.,pass,,A critical emergency on a space mission shows critical as urgent and important in an accessible context.,phase-a-random-review,,216485889,sentence-read,YES,PASS,PASS,PASS,PASS,PASS,PASS,PASS,false
planet,12759659,Earth is the only planet known to support life so far.,pass,,Earth as the only known life-supporting planet gives planet a clear scientific meaning with familiar words.,phase-a-random-review,,216485889,sentence-read,YES,PASS,PASS,PASS,PASS,PASS,PASS,PASS,false
conference,4765243,My husband is at a conference. Would you like to get some coffee?,pass,,Someone being at a conference and inviting coffee is a simple social setting that makes conference clear.,phase-a-random-review,,216485889,sentence-read,YES,PASS,PASS,PASS,PASS,PASS,PASS,PASS,false
clip,12399152,A paper clip can be used to hold two pieces of paper together.,pass,,"A paper clip holding paper is a concrete, everyday example of clip as an object.",phase-a-random-review,,216485889,sentence-read,YES,PASS,PASS,PASS,PASS,PASS,PASS,PASS,false
gigantic,11473214,But his dreams were as gigantic as his surroundings were small.,reject,context-dependent; unnatural-English,"Beginning with But and comparing dreams with tiny surroundings leaves missing context, while the literary simile weakens gigantic's teaching clarity.",phase-a-random-review,,216485889,sentence-read,NO,PASS,PASS,PASS,FAIL,PASS,FAIL,FAIL,false
destiny,12778585,"Do we shape our own destiny, or does fate guide us?",pass,,"The question contrasts shaping destiny with fate, giving destiny a clear common abstract meaning.",phase-a-random-review,,216485889,sentence-read,YES,PASS,PASS,PASS,PASS,PASS,PASS,PASS,false
debate,9956757,The comment section is a microcosm of the larger cultural debate taking place.,reject,context-too-hard; political-heavy,Microcosm and a larger cultural debate create abstract media-analysis load that is harder than debate.,phase-a-random-review,,216485889,sentence-read,NO,PASS,FAIL,PASS,PASS,FAIL,PASS,FAIL,false
racket,11840491,Keep making a racket and I'll bite you.,pass,,Making a racket is an ordinary noisy-behavior use with a clear playful warning.,phase-a-random-review,,216485889,sentence-read,YES,PASS,PASS,PASS,PASS,PASS,PASS,PASS,false
alarm,10114103,I was late for work because my alarm didn't go off.,pass,,A missed work alarm is a familiar everyday situation that directly illustrates alarm.,phase-a-random-review,,216485889,sentence-read,YES,PASS,PASS,PASS,PASS,PASS,PASS,PASS,false
refresh,10093063,I get an error when I refresh the page.,pass,,Refreshing a page after an error is a clear modern interface use of refresh.,phase-a-random-review,,216485889,sentence-read,YES,PASS,PASS,PASS,PASS,PASS,PASS,PASS,false
appliance,9805854,What kitchen appliance do you use every day?,pass,,Asking about a kitchen appliance is an ordinary household context that makes appliance concrete.,phase-a-random-review,,216485889,sentence-read,YES,PASS,PASS,PASS,PASS,PASS,PASS,PASS,false
ideology,11690636,Schools have no right to impose cis ideology on children.,reject,political-heavy; public-controversy; context-too-hard,"Cis ideology is specialist and politically charged identity language, so it is not a neutral default context for ideology.",phase-a-random-review,,216485889,sentence-read,NO,PASS,FAIL,PASS,PASS,FAIL,PASS,FAIL,false
majority,12364652,The wonder is that the majority of the emigrants continued their westward journey.,pass,,The majority of emigrants continuing a journey provides a clear numerical contrast in a complete historical sentence.,phase-a-random-review,,216485889,sentence-read,YES,PASS,PASS,PASS,PASS,PASS,PASS,PASS,false
intact,8610426,"To keep their power structures intact, corrupt politicians often rail against leftists.",reject,political-heavy; public-controversy,"Power structures, corrupt politicians, and leftists make intact part of a partisan political claim rather than a neutral example.",phase-a-random-review,,216485889,sentence-read,NO,PASS,PASS,PASS,PASS,FAIL,PASS,FAIL,false
volume,9995314,The sheer volume of disinformation is difficult to rebut.,reject,political-heavy; public-controversy,Disinformation and rebuttal place volume inside a current information-war debate with unnecessary political load.,phase-a-random-review,,216485889,sentence-read,NO,PASS,PASS,PASS,PASS,FAIL,PASS,FAIL,false
agony,12766618,There is no greater agony than bearing an untold story.,pass,,An untold story gives agony a clear emotional context and the sentence is a complete modern aphorism.,phase-a-random-review,,216485889,sentence-read,YES,PASS,PASS,PASS,PASS,PASS,PASS,PASS,false
vein,6366589,Mary suffered deep vein thrombosis while she was pregnant.,reject,medical-heavy; context-too-hard,"Deep vein thrombosis is a serious specialist medical condition, and the pregnancy context overwhelms the basic target vein.",phase-a-random-review,,216485889,sentence-read,NO,PASS,FAIL,PASS,PASS,FAIL,PASS,FAIL,false
arrange,8242692,"Once two people involved in a dispute have explained themselves, they arrange a compromise.",pass,,People explaining a dispute and arranging a compromise gives arrange a clear cooperative action.,phase-a-random-review,,216485889,sentence-read,YES,PASS,PASS,PASS,PASS,PASS,PASS,PASS,false
pasture,10722017,The above ground pool and deck overlook the pasture and rolling hills.,pass,,"A pool and deck overlooking pasture provide a clear, concrete use of pasture.",phase-a-random-review,,216485889,sentence-read,YES,PASS,PASS,PASS,PASS,PASS,PASS,PASS,false
emergency,12765224,Mary played a key role in the volunteer emergency relief team.,pass,,A volunteer emergency relief team shows emergency in a familiar public-help setting without specialist detail.,phase-a-random-review,,216485889,sentence-read,YES,PASS,PASS,PASS,PASS,PASS,PASS,PASS,false
shove,8773824,"If push comes to shove, I can move in with my parents.",pass,,"The common idiom if push comes to shove provides a natural, readable use of shove in a self-contained family situation.",phase-a-random-review,,216485889,sentence-read,YES,PASS,PASS,PASS,PASS,PASS,PASS,PASS,false
distinct,10194922,Anaerobic respiration is distinct from fermentation.,reject,specialist-background; context-too-hard,"Anaerobic respiration and fermentation are paired technical biology terms, making distinct depend on specialist knowledge.",phase-a-random-review,,216485889,sentence-read,NO,PASS,FAIL,PASS,PASS,PASS,PASS,FAIL,false
exhibit,12095498,Tabby cats exhibit the typical fur pattern of their wild ancestor.,pass,,"Cats exhibiting a fur pattern gives exhibit a direct, observable meaning with ordinary vocabulary.",phase-a-random-review,,216485889,sentence-read,YES,PASS,PASS,PASS,PASS,PASS,PASS,PASS,false
friction,12325267,I'm worried it could create friction between us.,pass,,Friction between people is a common metaphor for interpersonal tension and clearly teaches the target.,phase-a-random-review,,216485889,sentence-read,YES,PASS,PASS,PASS,PASS,PASS,PASS,PASS,false
depression,11080977,I've been experiencing depression and dissociation.,reject,medical-heavy; context-too-hard,"Dissociation is specialist mental-health vocabulary, and the clinical pairing makes depression carry unnecessary medical load.",phase-a-random-review,,216485889,sentence-read,NO,PASS,FAIL,PASS,PASS,FAIL,PASS,FAIL,false
moral,9805572,Have you personally encountered any moral dilemmas to date? Of what nature?,pass,,"The question about moral dilemmas is a direct, understandable example of moral judgment.",phase-a-random-review,,216485889,sentence-read,YES,PASS,PASS,PASS,PASS,PASS,PASS,PASS,false
command,12775863,His Majesty's command was swift and resolute.,reject,archaic; context-too-hard,"His Majesty, swift command, and resolute wording create an archaic historical scene that is not a modern default example for command.",phase-a-random-review,,216485889,sentence-read,NO,PASS,FAIL,PASS,PASS,PASS,FAIL,FAIL,false
dramatic,13320174,Mary took the mickey out of Tom's dramatic reaction to a tiny spider.,reject,context-too-hard; unnatural-English,Took the mickey is a region-specific idiom and makes dramatic depend on cultural knowledge unrelated to the target.,phase-a-random-review,,216485889,sentence-read,NO,PASS,FAIL,PASS,PASS,PASS,FAIL,FAIL,false
remain,11520798,Tom announced that he had decided to remain in the group.,pass,,Announcing a decision to remain in a group is a straightforward and natural use of remain.,phase-a-random-review,,216485889,sentence-read,YES,PASS,PASS,PASS,PASS,PASS,PASS,PASS,false
cardinal,12426002,There's a male cardinal at the bird feeder.,pass,,A male cardinal at a bird feeder gives cardinal a concrete animal meaning in a simple sentence.,phase-a-random-review,,216485889,sentence-read,YES,PASS,PASS,PASS,PASS,PASS,PASS,PASS,false
culture,11753259,Bangladesh is a diverse country with a rich culture and history.,pass,,The cultural heritage sentence directly illustrates culture in a familiar national context without requiring background about the country.,phase-a-random-review,,216485889,sentence-read,YES,PASS,PASS,PASS,PASS,PASS,PASS,PASS,false
brief,12764964,The game offered a brief escape from reality.,pass,,A brief escape from reality is a common expression that clearly shows brief as short in duration.,phase-a-random-review,,216485889,sentence-read,YES,PASS,PASS,PASS,PASS,PASS,PASS,PASS,false
magnitude,12773695,Few understood the magnitude of the decision.,pass,,The magnitude of a decision is an ordinary abstract collocation that makes magnitude clear as importance or scale.,phase-a-random-review,,216485889,sentence-read,YES,PASS,PASS,PASS,PASS,PASS,PASS,PASS,false
bound,12777792,Is the universe bound by rules we cannot see?,pass,,Asking whether the universe is bound by unseen rules gives bound a clear figurative limit meaning.,phase-a-random-review,,216485889,sentence-read,YES,PASS,PASS,PASS,PASS,PASS,PASS,PASS,false
apply,12343007,"Real skeptics also apply skepticism to fringe voices, not just mainstream ones.",pass,,"Applying skepticism to different voices shows apply as using a method, with the contrast kept understandable.",phase-a-random-review,,216485889,sentence-read,YES,PASS,PASS,PASS,PASS,PASS,PASS,PASS,false
reveal,12775906,The palace doors opened to reveal the majestic throne room.,pass,,"Opening palace doors to reveal a throne room is a complete, vivid narrative context that clearly demonstrates reveal.",phase-a-random-review,,216485889,sentence-read,YES,PASS,PASS,PASS,PASS,PASS,PASS,PASS,false
execution,10172918,"The idea was excellent, but the execution was terrible.",pass,,The contrast between an excellent idea and poor execution directly shows execution as how something is carried out.,phase-a-random-review,,216485889,sentence-read,YES,PASS,PASS,PASS,PASS,PASS,PASS,PASS,false
positive,9805683,What are some positive things your last boss would say about you?,pass,,Asking what a boss would say about positive qualities makes positive a clear workplace adjective.,phase-a-random-review,,216485889,sentence-read,YES,PASS,PASS,PASS,PASS,PASS,PASS,PASS,false
spectacle,12775859,The ball was a spectacle of elegance and grandeur.,reject,context-too-hard; unnatural-English,Elegance and grandeur make the spectacle sentence ornate and less natural for a default learner; grandeur is also harder than the target.,phase-a-random-review,,216485889,sentence-read,NO,PASS,FAIL,PASS,PASS,PASS,FAIL,FAIL,false
worthy,11167246,A bad-faith lie is not an opinion worthy of consideration.,reject,political-heavy; context-too-hard,Bad-faith lie and consideration frame worthy in adversarial argument language that adds unnecessary abstract and political load.,phase-a-random-review,,216485889,sentence-read,NO,PASS,FAIL,PASS,PASS,FAIL,PASS,FAIL,false
chip,12432378,I found an old potato chip lodged in between the couch cushions.,pass,,A potato chip stuck between couch cushions gives chip a concrete everyday object context.,phase-a-random-review,,216485889,sentence-read,YES,PASS,PASS,PASS,PASS,PASS,PASS,PASS,false
comply,12470588,You have a duty not to comply with an unlawful order.,pass,,"An unlawful order is a clear ethical setting for comply, and the sentence directly contrasts following with refusing.",phase-a-random-review,,216485889,sentence-read,YES,PASS,PASS,PASS,PASS,PASS,PASS,PASS,false
advocate,12187297,Tom is a patient advocate for people with mental health conditions.,pass,,A patient advocate for mental-health services gives advocate a concrete social role while keeping the sentence understandable.,phase-a-random-review,,216485889,sentence-read,YES,PASS,PASS,PASS,PASS,PASS,PASS,PASS,false
pearl,12401536,Moderation is the silken string running through the pearl chain of all virtues.,reject,archaic; weak-teaching-value,"The silken-string and pearl-chain metaphor is ornate and aphoristic, so pearl is incidental to a difficult literary image.",phase-a-random-review,,216485889,sentence-read,NO,FAIL,PASS,PASS,PASS,PASS,FAIL,FAIL,false
insane,11994713,"""Effective altruism"" is an insane philosophy dreamt up by techbros on amphetamines.",reject,medical-heavy; public-controversy,Amphetamines and the insult techbros make insane part of a drug-related culture-war attack rather than a neutral teaching context.,phase-a-random-review,,216485889,sentence-read,NO,PASS,PASS,PASS,PASS,FAIL,PASS,FAIL,false
muddy,2804844,We squelched across the muddy field.,pass,,Squelching across a muddy field is a direct sensory scene that clearly illustrates muddy.,phase-a-random-review,r4-targeted,216485889,sentence-read,YES,PASS,PASS,PASS,PASS,PASS,PASS,PASS,false
sophisticated,11233283,"These early hominids hunted for food, cooked meat over fires and crafted a sophisticated array of flint tools.",reject,specialist-background; context-too-hard,"Hominids and flint tools are specialist anthropology terms, so sophisticated is surrounded by vocabulary harder than the target.",phase-a-random-review,r4-targeted,216485889,sentence-read,NO,PASS,FAIL,PASS,PASS,PASS,PASS,FAIL,false
awkward,11777864,I'm socially awkward in three languages.,pass,,Saying someone is socially awkward in three languages is a concise modern and self-contained use of awkward.,phase-a-random-review,r4-targeted,216485889,sentence-read,YES,PASS,PASS,PASS,PASS,PASS,PASS,PASS,false
contest,10832772,Tom came in second place at the hot dog eating contest.,pass,,Second place in a hot-dog eating contest gives contest a familiar competition context.,phase-a-random-review,r4-targeted,216485889,sentence-read,YES,PASS,PASS,PASS,PASS,PASS,PASS,PASS,false
garment,11522323,The economy of Bangladesh is mainly based on agriculture and the garment industry.,pass,,"The garment industry is a common economic collocation, and the country reference does not prevent understanding garment.",phase-a-random-review,r4-targeted,216485889,sentence-read,YES,PASS,PASS,PASS,PASS,PASS,PASS,PASS,false
jeopardize,12399987,This could jeopardize the whole operation.,pass,,Jeopardizing an operation is a direct modern use of putting a plan at risk.,phase-a-random-review,r4-targeted,216485889,sentence-read,YES,PASS,PASS,PASS,PASS,PASS,PASS,PASS,false
bulk,10750477,It's cheaper if you buy in bulk.,pass,,Buying in bulk is a common shopping situation that makes bulk immediately clear.,phase-a-random-review,r4-targeted,216485889,sentence-read,YES,PASS,PASS,PASS,PASS,PASS,PASS,PASS,false
masterpiece,12768631,"I watch the sky shift colors at dusk, a fleeting masterpiece.",pass,,The changing evening sky being called a masterpiece gives the target a vivid but understandable figurative use.,phase-a-random-review,r4-targeted,216485889,sentence-read,YES,PASS,PASS,PASS,PASS,PASS,PASS,PASS,false
concern,11350396,Other people's medical issues are none of your concern.,pass,,Medical issues being someone else's concern is a complete everyday boundary-setting sentence that shows concern.,phase-a-random-review,r4-targeted,216485889,sentence-read,YES,PASS,PASS,PASS,PASS,PASS,PASS,PASS,false
trigger,10478487,Hallucinogen use can trigger certain psychiatric conditions in people with a predisposition to them.,reject,medical-heavy; context-too-hard,"Hallucinogens, psychiatric conditions, and predisposition are specialist medical terms that make trigger unsuitable as a default context.",phase-a-random-review,r4-targeted,216485889,sentence-read,NO,PASS,FAIL,PASS,PASS,FAIL,PASS,FAIL,false
chord,12267769,Jazz is characterized by improvisation on chord progressions.,pass,,Jazz chord progressions give chord a direct music meaning; the sentence is concise and the terms form a coherent teaching context.,phase-a-random-review,r4-targeted,216485889,sentence-read,YES,PASS,PASS,PASS,PASS,PASS,PASS,PASS,false
analysis,9962947,Should we remove the outliers from our analysis?,pass,,Removing outliers from analysis gives analysis a clear research meaning and remains readable for a general learner.,phase-a-random-review,r4-targeted,216485889,sentence-read,YES,PASS,PASS,PASS,PASS,PASS,PASS,PASS,false
reject,11621317,Tom rejected Mary before she could reject him.,pass,,The two contrasting uses of rejected make the interpersonal sense of reject explicit without needing prior context.,phase-a-random-review,r4-targeted,216485889,sentence-read,YES,PASS,PASS,PASS,PASS,PASS,PASS,PASS,false
disgust,11789689,Tom's face couldn't help but telegraph his disgust.,pass,,A face telegraphing disgust is a natural figurative expression with a clear emotional target.,phase-a-random-review,r4-targeted,216485889,sentence-read,YES,PASS,PASS,PASS,PASS,PASS,PASS,PASS,false
circulation,9805165,How long should I wear compression stockings to improve my circulation?,reject,medical-heavy; context-too-hard,Compression stockings make circulation depend on a specific medical treatment rather than an ordinary default context.,phase-a-random-review,r4-targeted,216485889,sentence-read,NO,PASS,FAIL,PASS,PASS,FAIL,PASS,FAIL,false
reckless,12154388,I was reckless and overly trusting.,pass,,"Admitting to being reckless and overly trusting is a short, natural description of behavior.",phase-a-random-review,r4-targeted,216485889,sentence-read,YES,PASS,PASS,PASS,PASS,PASS,PASS,PASS,false
virgin,12028675,"One group had their diet supplemented with extra virgin olive oil, while another were given nuts instead.",pass,,Extra virgin olive oil is a common food label that clearly demonstrates virgin as unprocessed or pure.,phase-a-random-review,r4-targeted,216485889,sentence-read,YES,PASS,PASS,PASS,PASS,PASS,PASS,PASS,false
weary,12769169,The sea offers solace to the weary traveler.,reject,archaic; unnatural-English,"The weary traveler and solace phrasing is literary and sentimental, so it does not feel like a modern default teaching sentence.",phase-a-random-review,r4-targeted,216485889,sentence-read,NO,PASS,PASS,PASS,PASS,PASS,FAIL,FAIL,false
construct,12777602,Is time a construct of the mind?,pass,,Calling time a construct of the mind gives construct a clear abstract meaning in a self-contained question.,phase-a-random-review,r4-targeted,216485889,sentence-read,YES,PASS,PASS,PASS,PASS,PASS,PASS,PASS,false
harmony,11692558,We've forgotten how to live in harmony with nature.,pass,,"Living in harmony with nature is a common, neutral expression that directly illustrates harmony.",phase-a-random-review,r4-targeted,216485889,sentence-read,YES,PASS,PASS,PASS,PASS,PASS,PASS,PASS,false
attribute,2570990,Never attribute to malice that which is adequately explained by stupidity.,pass,,The familiar malice proverb gives attribute a clear meaning of assigning a cause or quality.,phase-a-random-review,r4-targeted,216485889,sentence-read,YES,PASS,PASS,PASS,PASS,PASS,PASS,PASS,false
legend,11695490,Tom is the reincarnation of the hero of legend.,reject,religious-heavy; fantastical-context,Reincarnation and a legendary hero make legend depend on fantastical religious background rather than a neutral example.,phase-a-random-review,r4-targeted,216485889,sentence-read,NO,PASS,PASS,PASS,PASS,PASS,FAIL,FAIL,false
assumption,11266249,Your assumption that I love food is correct.,pass,,The assumption about loving food is a simple conversational example that directly explains assumption.,phase-a-random-review,r4-targeted,216485889,sentence-read,YES,PASS,PASS,PASS,PASS,PASS,PASS,PASS,false
conservation,12311342,A big conservation issue is the co-existence of people and animals.,pass,,A conservation issue involving people and animals gives conservation a clear public-environmental meaning.,phase-a-random-review,r4-targeted,216485889,sentence-read,YES,PASS,PASS,PASS,PASS,PASS,PASS,PASS,false
crime,12765349,Tom worked to reduce crime in the city through community outreach.,pass,,Community outreach to reduce crime is a clear civic context that directly demonstrates crime.,phase-a-random-review,r4-targeted,216485889,sentence-read,YES,PASS,PASS,PASS,PASS,PASS,PASS,PASS,false
liner,11152936,"The ill-fated cruise liner has now left Australian waters, but many questions remain.",reject,death-heavy; proper-noun-heavy; context-dependent,An ill-fated liner leaving Australian waters hints at an unresolved disaster and adds a proper-name news context that is unnecessary for liner.,phase-a-random-review,r4-targeted,216485889,sentence-read,NO,PASS,FAIL,PASS,FAIL,FAIL,PASS,FAIL,false
foul,9003983,"Tom didn't want to fall foul of his teacher's wrath, so he stayed quiet in lessons.",reject,archaic; context-too-hard,"Fall foul of and teacher's wrath are idiomatic and old-fashioned, so the sentence does not model foul in a clear modern way.",phase-a-random-review,r4-targeted,216485889,sentence-read,NO,PASS,FAIL,PASS,PASS,PASS,FAIL,FAIL,false
mortgage,12033010,Tom works at a mortgage brokerage.,reject,context-too-hard; specialist-background,A mortgage brokerage is specialist financial vocabulary and does not explain the target mortgage in an accessible everyday sentence.,phase-a-random-review,r4-targeted,216485889,sentence-read,NO,PASS,FAIL,PASS,PASS,PASS,PASS,FAIL,false
ozone,9142908,"Ozone is good up high, bad nearby.",reject,weak-teaching-value; context-dependent,"The slogan-like good up high, bad nearby gives no standalone explanation of ozone's meaning or relationship to the target.",phase-a-random-review,r4-targeted,216485889,sentence-read,NO,FAIL,PASS,PASS,FAIL,PASS,PASS,FAIL,false
concept,12759709,The concept of space tourism is becoming more realistic each year.,pass,,"Space tourism becoming realistic gives concept a clear, contemporary abstract-use context.",phase-a-random-review,r4-targeted,216485889,sentence-read,YES,PASS,PASS,PASS,PASS,PASS,PASS,PASS,false
energetic,11698519,The troupe is enthralling audiences around the country with their energetic performances.,pass,,Energetic performances are a familiar arts context that directly shows energetic.,phase-a-random-review,r4-targeted,216485889,sentence-read,YES,PASS,PASS,PASS,PASS,PASS,PASS,PASS,false
dolphin,10157656,I'd like to be reincarnated as a dolphin.,pass,,The playful wish to be reincarnated as a dolphin is complete and gives dolphin a concrete animal reference.,phase-a-random-review,r4-targeted,216485889,sentence-read,YES,PASS,PASS,PASS,PASS,PASS,PASS,PASS,false
easter,12134669,Christmas and Easter are national holidays in America.,pass,,Christmas and Easter as national holidays gives Easter a clear cultural noun use; the sentence is simple and standalone.,phase-a-random-review,r4-targeted,216485889,sentence-read,YES,PASS,PASS,PASS,PASS,PASS,PASS,PASS,false
dread,10723394,I dread more the peril to my good name.,reject,archaic; unnatural-English,The inversion I dread more the peril and the literary word peril make this an unnatural modern example for dread.,phase-a-random-review,r4-targeted,216485889,sentence-read,NO,PASS,PASS,PASS,PASS,PASS,FAIL,FAIL,false
furthermore,10951294,"Furthermore, the frog's external appearance and skeletal shape add to its distinctiveness.",reject,context-dependent; context-too-hard,"Furthermore signals missing preceding text, and external appearance, skeletal shape, and distinctiveness make the frog sentence academic and harder than the target.",phase-a-random-review,r4-targeted,216485889,sentence-read,NO,PASS,FAIL,PASS,FAIL,PASS,PASS,FAIL,false
complexion,12768334,A relaxed mind shows in your complexion.,pass,,"A relaxed mind showing in one's complexion is a concise, understandable appearance context.",phase-a-random-review,r4-targeted,216485889,sentence-read,YES,PASS,PASS,PASS,PASS,PASS,PASS,PASS,false
arrogant,12095760,"In an archival interview, he was careful not to overrate his success or appear arrogant.",pass,,An archival interview and overrating success provide a coherent situation in which arrogant describes self-presentation.,phase-a-random-review,r4-targeted,216485889,sentence-read,YES,PASS,PASS,PASS,PASS,PASS,PASS,PASS,false
disorder,12128440,"My thoughts on life vary with my mood, and I have a mood disorder.",pass,,"Mood disorder is a common, direct use of disorder, and the sentence explains the speaker's thoughts without technical detail.",phase-a-random-review,r4-targeted,216485889,sentence-read,YES,PASS,PASS,PASS,PASS,PASS,PASS,PASS,false
flexible,12777885,Is the future predetermined or flexible?,pass,,The future being predetermined or flexible creates a clear contrast that demonstrates flexible.,phase-a-random-review,r4-targeted,216485889,sentence-read,YES,PASS,PASS,PASS,PASS,PASS,PASS,PASS,false
item,12065617,The item will go to the highest bidder.,pass,,The highest bidder determining who gets an item is a familiar auction context that makes item clear.,phase-a-random-review,r4-targeted,216485889,sentence-read,YES,PASS,PASS,PASS,PASS,PASS,PASS,PASS,false
fusion,10367067,What's the difference between fission and fusion?,pass,,"Contrasting fission with fusion is a standard, concise science comparison that directly teaches fusion.",phase-a-random-review,r4-targeted,216485889,sentence-read,YES,PASS,PASS,PASS,PASS,PASS,PASS,PASS,false
smash,8289410,Smash the boiled pumpkin pieces then add some salt and spices.,pass,,Smashing cooked pumpkin pieces is a simple kitchen action that gives smash a clear verb use.,phase-a-random-review,r4-targeted,216485889,sentence-read,YES,PASS,PASS,PASS,PASS,PASS,PASS,PASS,false
tribute,8530291,Beyle plays in an Evanescence tribute band.,reject,proper-noun-heavy; context-too-hard,Evanescence and a tribute band add an unnecessary proper name and music-specific background to tribute.,phase-a-random-review,r4-targeted,216485889,sentence-read,NO,PASS,FAIL,PASS,PASS,PASS,PASS,FAIL,false
segment,11464741,Farmers raising alpacas for their fleece are a growing segment of the U.S. agriculture industry.,reject,specialist-background; proper-noun-heavy; context-too-hard,"Alpaca fleece, U.S. agriculture, and industry create specialist and acronym load that overwhelms segment.",phase-a-random-review,r4-targeted,216485889,sentence-read,NO,PASS,FAIL,PASS,PASS,PASS,PASS,FAIL,false
criminal,12327969,A criminal is someone who commits a crime.,pass,,The short definition links criminal to committing a crime and makes the target immediately understandable.,phase-a-random-review,r4-targeted,216485889,sentence-read,YES,PASS,PASS,PASS,PASS,PASS,PASS,PASS,false
retention,12777177,She works on employee retention strategies.,pass,,Employee-retention strategies are a common workplace context that directly shows retention.,phase-a-random-review,r4-targeted,216485889,sentence-read,YES,PASS,PASS,PASS,PASS,PASS,PASS,PASS,false
concentration,12768464,She bit her lip in concentration.,pass,,Biting one's lip in concentration is a familiar physical cue that clearly demonstrates concentration.,phase-a-random-review,r4-targeted,216485889,sentence-read,YES,PASS,PASS,PASS,PASS,PASS,PASS,PASS,false
predict,12034353,Futurists try to predict how changes in the world will impact society.,pass,,Futurists predicting social effects gives predict a clear forward-looking meaning in a complete sentence.,phase-a-random-review,r4-targeted,216485889,sentence-read,YES,PASS,PASS,PASS,PASS,PASS,PASS,PASS,false
background,9489982,"The man in the background is my grandfather, and my father is in the foreground.",pass,,"Background and foreground are explicitly contrasted around a family photograph-like scene, making background clear.",phase-a-random-review,r4-targeted,216485889,sentence-read,YES,PASS,PASS,PASS,PASS,PASS,PASS,PASS,false
advantage,12486973,The ability to regulate your blood temperature confers an evolutionary advantage.,pass,,An evolutionary advantage from regulating body temperature is a coherent science example with the target meaning obvious.,phase-a-random-review,r4-targeted,216485889,sentence-read,YES,PASS,PASS,PASS,PASS,PASS,PASS,PASS,false
prosperous,8488055,"If he were still of this world, his offspring would be prosperous.",reject,death-heavy; context-too-hard,"Of this world and offspring create a literary death euphemism with harder family vocabulary, adding background unrelated to prosperous.",phase-a-random-review,r4-targeted,216485889,sentence-read,NO,PASS,FAIL,PASS,PASS,FAIL,PASS,FAIL,false
implication,12095704,I resent your implication that I am engaged to you only because of your money.,pass,,Resenting an implication about engagement and money gives implication a clear interpersonal meaning.,phase-a-random-review,r4-targeted,216485889,sentence-read,YES,PASS,PASS,PASS,PASS,PASS,PASS,PASS,false
invert,11224170,"Tap the ""A"" button to add a blue filter and invert colors so light becomes dark and dark becomes light.",pass,,A filter that inverts light and dark colors makes invert concrete in a familiar interface instruction.,phase-a-random-review,r4-targeted,216485889,sentence-read,YES,PASS,PASS,PASS,PASS,PASS,PASS,PASS,false
comprehension,8849727,Translation is as much artistry as it is comprehension.,pass,,The contrast between translation as artistry and comprehension gives comprehension a clear understanding-related meaning.,phase-a-random-review,r4-targeted,216485889,sentence-read,YES,PASS,PASS,PASS,PASS,PASS,PASS,PASS,false
divine,12773261,"To err is human, but to forgive is divine.",reject,religious-heavy; archaic,The forgiveness proverb presents divine in a religious and literary frame that is not a neutral default context.,phase-a-random-review,r4-targeted,216485889,sentence-read,NO,PASS,PASS,PASS,PASS,PASS,FAIL,FAIL,false
hierarchy,9049588,There's no such thing as a natural hierarchy.,pass,,"The claim about natural hierarchy is a direct, readable example of hierarchy as an ordering system.",phase-a-random-review,r4-targeted,216485889,sentence-read,YES,PASS,PASS,PASS,PASS,PASS,PASS,PASS,false
consent,11089718,It's not consent unless it can be revoked at any time.,pass,,"The revocable-consent rule states the target precisely and remains a modern, self-contained social example.",phase-a-random-review,r4-targeted,216485889,sentence-read,YES,PASS,PASS,PASS,PASS,PASS,PASS,PASS,false
symmetry,11233291,"The new elements also provide a certain symmetry to the periodic table, filling out the seventh row of the chart.",pass,,"The periodic table example shows symmetry as structural balance, and the chemistry setting is concise and intelligible.",phase-a-random-review,r4-targeted,216485889,sentence-read,YES,PASS,PASS,PASS,PASS,PASS,PASS,PASS,false
overwhelming,12759700,Astronauts often describe space as both beautiful and overwhelming.,pass,,Astronauts describing space as beautiful and overwhelming gives overwhelming a clear emotional scale.,phase-a-random-review,r4-targeted,216485889,sentence-read,YES,PASS,PASS,PASS,PASS,PASS,PASS,PASS,false
ethnic,11372247,Ethnic religions are common among tribal peoples.,reject,religious-heavy; context-too-hard,"Ethnic religions and tribal peoples are specialist, identity-sensitive categories that add unnecessary load to ethnic.",phase-a-random-review,r4-targeted,216485889,sentence-read,NO,PASS,FAIL,PASS,PASS,PASS,PASS,FAIL,false
accumulate,11178247,"Local business owners clean the beach each morning, but the trash begins to accumulate shortly after.",pass,,Beach cleanup followed by accumulating trash gives accumulate a clear repeated-growth context.,phase-a-random-review,r4-targeted,216485889,sentence-read,YES,PASS,PASS,PASS,PASS,PASS,PASS,PASS,false
credible,7036151,The websites of some predatory publishers look credible.,pass,,Predatory publishers looking credible illustrates credible through a familiar warning about deceptive appearance.,phase-a-random-review,r4-targeted,216485889,sentence-read,YES,PASS,PASS,PASS,PASS,PASS,PASS,PASS,false
mercury,12759610,"Mercury is the closest planet to the sun, but not the hottest.",pass,,Mercury's position among the planets gives the target a concrete scientific meaning with familiar language.,phase-a-random-review,r4-targeted,216485889,sentence-read,YES,PASS,PASS,PASS,PASS,PASS,PASS,PASS,false
redundant,10723392,Our redundant infrastructure ensures the highest levels of service availability.,reject,context-too-hard; specialist-background,Redundant infrastructure and service availability are IT operations jargon that is substantially harder than redundant.,phase-a-random-review,r4-targeted,216485889,sentence-read,NO,PASS,FAIL,PASS,PASS,PASS,PASS,FAIL,false
autonomy,11024109,Bodily autonomy is a human right.,pass,,"Bodily autonomy as a human right is a direct, modern definition-like use of autonomy with simple vocabulary.",phase-a-random-review,r4-targeted,216485889,sentence-read,YES,PASS,PASS,PASS,PASS,PASS,PASS,PASS,false
contract,9485157,Tom convinced the judge to nullify the contract.,reject,context-too-hard; specialist-background,A judge nullifying a contract requires legal vocabulary and makes contract depend on the harder target-adjacent verb nullify.,phase-a-random-review,r4-targeted,216485889,sentence-read,NO,PASS,FAIL,PASS,PASS,PASS,PASS,FAIL,false
sue,11764741,We're going to sue your pants off!,reject,unnatural-English; weak-teaching-value,"Sue your pants off is an informal threat-like idiom, not a clear neutral example of sue's ordinary legal meaning.",phase-a-random-review,r4-targeted,216485889,sentence-read,NO,FAIL,PASS,PASS,PASS,PASS,FAIL,FAIL,false
characterize,11095212,Openness and toughness characterize Korean diplomacy.,reject,political-heavy; proper-noun-heavy,Korean diplomacy places characterize in a named geopolitical context and adds specialist political vocabulary.,phase-a-random-review,r4-targeted,216485889,sentence-read,NO,PASS,FAIL,PASS,PASS,FAIL,PASS,FAIL,false
coupon,10162282,This coupon can only be redeemed in-store.,pass,,A coupon redeemed in-store is a concrete retail situation that makes coupon clear.,phase-a-random-review,r4-targeted,216485889,sentence-read,YES,PASS,PASS,PASS,PASS,PASS,PASS,PASS,false
genetic,8902722,People with a given skin color do not form a genetic clade.,reject,context-too-hard; hate,Genetic clades and skin-color classification require specialist biology and sensitive racial background unrelated to basic genetic teaching.,phase-a-random-review,r4-targeted,216485889,sentence-read,NO,PASS,FAIL,PASS,PASS,FAIL,PASS,FAIL,false
turbulent,12769149,His wisdom is the anchor in turbulent seas.,pass,,"The anchor metaphor makes turbulent easy to understand as unstable or rough, and the sentence is complete.",phase-a-random-review,r4-targeted,216485889,sentence-read,YES,PASS,PASS,PASS,PASS,PASS,PASS,PASS,false
foam,8567766,Most shoe soles nowadays are made from foam.,pass,,Foam in shoe soles is a concrete manufacturing example with simple vocabulary.,phase-a-random-review,r4-targeted,216485889,sentence-read,YES,PASS,PASS,PASS,PASS,PASS,PASS,PASS,false
bacteria,12315070,After harmful bacteria are removed the filtered water is disinfected with chemicals.,pass,,Removing harmful bacteria from water gives bacteria a clear everyday health-and-cleaning context without graphic detail.,phase-a-random-review,r4-targeted,216485889,sentence-read,YES,PASS,PASS,PASS,PASS,PASS,PASS,PASS,false
clue,12027126,I've got no clue why Tom said that to you.,pass,,I've got no clue is a common conversational phrase that directly illustrates clue.,phase-a-random-review,r4-targeted,216485889,sentence-read,YES,PASS,PASS,PASS,PASS,PASS,PASS,PASS,false
throne,12775923,The king's throne was made of the finest mahogany.,pass,,A king's throne made of wood is a straightforward historical object context that clearly shows throne.,phase-a-random-review,r4-targeted,216485889,sentence-read,YES,PASS,PASS,PASS,PASS,PASS,PASS,PASS,false
minority,10019223,A rule that works for a large global language like English might not work for a small minority language.,pass,,The contrast between a global language and a minority language directly teaches minority in a coherent language context.,phase-a-random-review,r4-targeted,216485889,sentence-read,YES,PASS,PASS,PASS,PASS,PASS,PASS,PASS,false
bust,11389113,Today has been a bust... a bummer!,reject,unnatural-English; weak-teaching-value,"Bust and bummer are both slangy, and the ellipsis leaves the intended meaning less clear than a modern default example should.",phase-a-random-review,r4-targeted,216485889,sentence-read,NO,FAIL,PASS,PASS,PASS,PASS,FAIL,FAIL,false
resistant,11156257,Yellow or stripe rust has been in the region for many years but was contained by using certain resistant crops.,reject,specialist-background; context-too-hard,"Stripe rust, crops, and regional containment are specialist agriculture terms that overwhelm resistant.",phase-a-random-review,r4-targeted,216485889,sentence-read,NO,PASS,FAIL,PASS,PASS,PASS,PASS,FAIL,false
inland,10940123,"As climate change raises sea levels, salty ocean water is pushing its way inland.",pass,,Sea levels pushing water inland gives inland a clear spatial direction in a current but understandable environmental context.,phase-a-random-review,r4-targeted,216485889,sentence-read,YES,PASS,PASS,PASS,PASS,PASS,PASS,PASS,false
establish,12766036,Will they establish new trade routes soon?,pass,,Establishing trade routes is a clear historical-economic use of establish with simple syntax.,phase-a-random-review,r4-targeted,216485889,sentence-read,YES,PASS,PASS,PASS,PASS,PASS,PASS,PASS,false
relevant,12354333,Deleting comments that are no longer relevant is not transparent.,pass,,"Deleting comments that are no longer relevant is a concrete, modern example of relevant.",phase-a-random-review,r4-targeted,216485889,sentence-read,YES,PASS,PASS,PASS,PASS,PASS,PASS,PASS,false
poke,11065019,We don't want to poke the bear.,pass,,Poking the bear is a common idiom that clearly conveys provoking a dangerous reaction.,phase-a-random-review,r4-targeted,216485889,sentence-read,YES,PASS,PASS,PASS,PASS,PASS,PASS,PASS,false
prone,9316997,People are prone to believe disparaging lies about people they don't like.,reject,context-too-hard; hate,"Disparaging lies about disliked people introduces judgmental social conflict and a harder adjective, so it is not a neutral context for prone.",phase-a-random-review,r4-targeted,216485889,sentence-read,NO,PASS,FAIL,PASS,PASS,FAIL,PASS,FAIL,false
certainty,12770843,He watches the world with calm certainty.,pass,,Calm certainty is a concise emotional description that directly demonstrates certainty.,phase-a-random-review,r4-targeted,216485889,sentence-read,YES,PASS,PASS,PASS,PASS,PASS,PASS,PASS,false
frequent,11062502,A downside to frequent flyer miles is that using them is complicated.,pass,,Frequent-flyer miles are a familiar travel reward context that makes frequent clear.,phase-a-random-review,r4-targeted,216485889,sentence-read,YES,PASS,PASS,PASS,PASS,PASS,PASS,PASS,false
hostile,11247972,Lack of moderation creates a hostile environment in which it is less possible to carry out a project's main purpose.,pass,,Moderation creating a hostile environment is an understandable online or workplace example with the target central.,phase-a-random-review,r4-targeted,216485889,sentence-read,YES,PASS,PASS,PASS,PASS,PASS,PASS,PASS,false
stable,12766046,Are global relations more stable now?,pass,,The question about global relations being stable is a simple abstract use that clearly shows stable.,phase-a-random-review,r4-targeted,216485889,sentence-read,YES,PASS,PASS,PASS,PASS,PASS,PASS,PASS,false
clan,11411054,A clan of fairies lives under there.,reject,fantastical-context; weak-teaching-value,A clan of fairies is fantastical and gives clan an unusual group context rather than a natural default example.,phase-a-random-review,r4-targeted,216485889,sentence-read,NO,FAIL,PASS,PASS,PASS,PASS,FAIL,FAIL,false
exception,12465775,This function takes a string and either returns an integer or throws an exception.,reject,context-too-hard; specialist-background,"Strings, integer types, and exceptions are programming terms that make exception inaccessible as a default learning context.",phase-a-random-review,r4-targeted,216485889,sentence-read,NO,PASS,FAIL,PASS,PASS,PASS,PASS,FAIL,false
incident,11937838,It's been three years since the incident.,reject,context-dependent; weak-teaching-value,"The sentence refers only to the incident without explaining what happened, so incident cannot be understood fully on its own.",phase-a-random-review,r4-targeted,216485889,sentence-read,NO,FAIL,PASS,PASS,FAIL,PASS,PASS,FAIL,false
versatile,12175541,Swiss Army knives are versatile tools.,pass,,A Swiss Army knife is a familiar multi-use object that clearly demonstrates versatile.,phase-a-random-review,r4-targeted,216485889,sentence-read,YES,PASS,PASS,PASS,PASS,PASS,PASS,PASS,false
alternative,11525911,"If alternative medicine worked, it would just be called medicine.",reject,medical-heavy; public-controversy,The sarcastic claim about alternative medicine makes the target depend on a medical controversy rather than a neutral contrast.,phase-a-random-review,r4-targeted,216485889,sentence-read,NO,PASS,PASS,PASS,PASS,FAIL,PASS,FAIL,false
input,10173034,"If the device is not connected to the internet, the date and time settings will have to be manually input.",pass,,Manually inputting date and time on a device gives input a clear modern technical use without specialist detail.,phase-a-random-review,r4-targeted,216485889,sentence-read,YES,PASS,PASS,PASS,PASS,PASS,PASS,PASS,false
furniture,11261806,"The furniture was beautifully polished, but did not have a bright gloss.",pass,,Polished furniture and gloss provide a concrete household context that makes furniture clear.,phase-a-random-review,r4-targeted,216485889,sentence-read,YES,PASS,PASS,PASS,PASS,PASS,PASS,PASS,false
asset,12766677,Humanity's greatest asset is its compassion.,pass,,Calling compassion humanity's greatest asset gives asset a clear figurative value meaning.,phase-a-random-review,r4-targeted,216485889,sentence-read,YES,PASS,PASS,PASS,PASS,PASS,PASS,PASS,false
accessory,12490216,Tom wears glasses purely as a fashion accessory.,pass,,Glasses used as a fashion accessory is a simple everyday example that directly teaches accessory.,phase-a-random-review,r4-targeted,216485889,sentence-read,YES,PASS,PASS,PASS,PASS,PASS,PASS,PASS,false
infinite,12778581,Do we live in a world of infinite possibilities?,pass,,Infinite possibilities is a common abstract phrase that makes infinite clear.,phase-a-random-review,r4-targeted,216485889,sentence-read,YES,PASS,PASS,PASS,PASS,PASS,PASS,PASS,false
pore,10928392,"The scientists say older cloth is best because repeated washings soften and loosen the threads, reducing the pore size.",pass,,Cloth threads and pore size give pore a concrete physical meaning in a readable science example.,phase-a-random-review,r4-targeted,216485889,sentence-read,YES,PASS,PASS,PASS,PASS,PASS,PASS,PASS,false
premium,12350876,How much does the premium membership cost?,pass,,The cost of premium membership is a common service-and-price context that makes premium clear.,phase-a-random-review,r4-targeted,216485889,sentence-read,YES,PASS,PASS,PASS,PASS,PASS,PASS,PASS,false
extraordinary,11170654,The stock exchange has been chalking up extraordinary numbers.,reject,context-too-hard; unnatural-English,"A stock exchange chalking up numbers combines finance jargon with an idiom, making extraordinary less accessible than necessary.",phase-a-random-review,r4-targeted,216485889,sentence-read,NO,PASS,FAIL,PASS,PASS,PASS,FAIL,FAIL,false
repay,9766924,He gave him a delay to repay him his debt.,reject,unnatural-English; context-dependent,The repeated pronouns and wording about giving a delay to repay a debt are awkward and unclear modern English.,phase-a-random-review,r4-targeted,216485889,sentence-read,NO,PASS,PASS,PASS,FAIL,PASS,FAIL,FAIL,false
maintain,12765166,They were part of the effort to maintain peace and order.,pass,,Maintaining peace and order is a standard public-life collocation that clearly shows maintain.,phase-a-random-review,r4-targeted,216485889,sentence-read,YES,PASS,PASS,PASS,PASS,PASS,PASS,PASS,false
compare,12759852,Tom often shares his notes with Mary to compare their interpretations.,pass,,Sharing notes to compare interpretations is a natural study context that directly demonstrates compare.,phase-a-random-review,r4-targeted,216485889,sentence-read,YES,PASS,PASS,PASS,PASS,PASS,PASS,PASS,false
courtesy,10164957,"Where I come from, that's just common courtesy.",pass,,Common courtesy is a familiar social phrase that gives courtesy a clear meaning.,phase-a-random-review,r4-targeted,216485889,sentence-read,YES,PASS,PASS,PASS,PASS,PASS,PASS,PASS,false
primarily,12052035,The health effects of chromium are primarily related to the valence state of the metal at the time of exposure.,reject,medical-heavy; context-too-hard,Chromium exposure and valence state are specialist chemistry and health terms that overwhelm primarily.,phase-a-random-review,r4-targeted,216485889,sentence-read,NO,PASS,FAIL,PASS,PASS,FAIL,PASS,FAIL,false
disease,11915173,Declawing is not recommended to prevent cat scratch disease.,reject,medical-heavy; context-too-hard,Declawing and cat-scratch disease create veterinary and medical load that is unnecessary for a default example of disease.,phase-a-random-review,r4-targeted,216485889,sentence-read,NO,PASS,FAIL,PASS,PASS,FAIL,PASS,FAIL,false
jerk,11148845,I quietly helped a jerk and he blurted it out.,pass,,Helping someone who is called a jerk is a simple interpersonal sentence that clearly shows jerk as an insult.,phase-a-random-review,r4-targeted,216485889,sentence-read,YES,PASS,PASS,PASS,PASS,PASS,PASS,PASS,false
military,10164952,Military recruiters came to our school.,pass,,Military recruiters visiting a school is a direct institutional context that makes military clear without graphic content.,phase-a-random-review,r4-targeted,216485889,sentence-read,YES,PASS,PASS,PASS,PASS,PASS,PASS,PASS,false
insight,8993583,"Whenever I've felt there was no hope, I waited and gained new insight.",pass,,Waiting through hopelessness and gaining insight gives insight a clear reflective meaning in a complete sentence.,phase-a-random-review,r4-targeted,216485889,sentence-read,YES,PASS,PASS,PASS,PASS,PASS,PASS,PASS,false
mingle,10236666,Tom is single and ready to mingle.,pass,,Single and ready to mingle is a familiar playful phrase that directly illustrates mingle.,phase-a-random-review,r4-targeted,216485889,sentence-read,YES,PASS,PASS,PASS,PASS,PASS,PASS,PASS,false
basis,11927072,It's hard to avoid what forms the basis of the economic system.,pass,,The basis of an economic system is a clear abstract collocation that demonstrates basis without specialist detail.,phase-a-random-review,r4-targeted,216485889,sentence-read,YES,PASS,PASS,PASS,PASS,PASS,PASS,PASS,false
speculate,12188991,"What could I do other than speculate as to your motives, when you didn't tell me them?",reject,syntax-too-complex; context-dependent,"The long question nests motives, withholding information, and a comparison clause, so speculate is harder to process than necessary.",phase-a-random-review,r4-targeted,216485889,sentence-read,NO,PASS,PASS,FAIL,FAIL,PASS,PASS,FAIL,false
flush,11354319,You have to jiggle the handle to get it to flush.,pass,,Jiggling a handle to make a toilet flush is a concrete household action that clearly teaches flush.,phase-a-random-review,r4-targeted,216485889,sentence-read,YES,PASS,PASS,PASS,PASS,PASS,PASS,PASS,false
champion,11650589,Mary is the world chess champion.,pass,,A world chess champion is a simple achievement context that makes champion obvious.,phase-a-random-review,r4-targeted,216485889,sentence-read,YES,PASS,PASS,PASS,PASS,PASS,PASS,PASS,false
contact,12378793,Contact with radioactive waste is unlikely to give you superpowers.,pass,,"The radioactive-waste superpowers line is a clearly marked humorous warning, and contact remains the central physical relation.",phase-a-random-review,r4-targeted,216485889,sentence-read,YES,PASS,PASS,PASS,PASS,PASS,PASS,PASS,false
destined,12778575,Are we destined to repeat our mistakes?,pass,,Repeating mistakes is a familiar situation that gives destined a clear sense of being likely or fated.,phase-a-random-review,r4-targeted,216485889,sentence-read,YES,PASS,PASS,PASS,PASS,PASS,PASS,PASS,false
instantaneous,12060096,"He knew it was so, with an unaccountable but instantaneous certainty.",reject,context-too-hard; unnatural-English,"Unaccountable and the inverted certainty phrasing are difficult and literary, so instantaneous is not presented in a natural default sentence.",phase-a-random-review,r4-targeted,216485889,sentence-read,NO,PASS,FAIL,PASS,PASS,PASS,FAIL,FAIL,false
addict,11959606,I used to be an addict.,reject,medical-heavy; other,The personal statement about being an addict makes the example emotionally and medically loaded without enough teaching context for the target.,phase-a-random-review,r4-targeted,216485889,sentence-read,NO,PASS,PASS,PASS,PASS,FAIL,PASS,FAIL,false
participant,10913414,"Each participant wore an activity monitor to measure heart rate, perspiration and sleep quality.",reject,medical-heavy; context-too-hard,"Perspiration, heart-rate measurement, and sleep-quality monitoring create specialist health load that overwhelms participant.",phase-a-random-review,r4-targeted,216485889,sentence-read,NO,PASS,FAIL,PASS,PASS,FAIL,PASS,FAIL,false
blunt,11905387,Tom's moody temperament sometimes leads him to make blunt remarks.,pass,,Blunt remarks following a moody temperament make blunt clear as direct or tactless.,phase-a-random-review,r4-targeted,216485889,sentence-read,YES,PASS,PASS,PASS,PASS,PASS,PASS,PASS,false
leather,11838550,"The head nurse came striding up, her leather heels clacking on the tile floor.",pass,,Leather heels clacking under a nurse's stride give leather a concrete material-and-clothing context.,phase-a-random-review,r4-targeted,216485889,sentence-read,YES,PASS,PASS,PASS,PASS,PASS,PASS,PASS,false
evident,12771351,"Once the dust settled, the truth was evident.",pass,,Once dust settles and truth becomes evident is a common phrase showing evident as clear or obvious.,phase-a-random-review,r4-targeted,216485889,sentence-read,YES,PASS,PASS,PASS,PASS,PASS,PASS,PASS,false
abundance,11620143,I went to my garden and found abundance.,pass,,"Finding abundance in a garden gives abundance a concrete, positive quantity context.",phase-a-random-review,r4-targeted,216485889,sentence-read,YES,PASS,PASS,PASS,PASS,PASS,PASS,PASS,false
luxury,10789701,Velvet fabric is often seen as a sign of luxury.,pass,,Velvet fabric as a sign of luxury is a familiar material-and-status example that clearly teaches luxury.,phase-a-random-review,r4-targeted,216485889,sentence-read,YES,PASS,PASS,PASS,PASS,PASS,PASS,PASS,false
merely,13148354,Tom insisted it was merely a verbal altercation and never got physical.,reject,violence; context-too-hard,A verbal altercation and whether it became physical add conflict and legal-like vocabulary unrelated to the basic target merely.,phase-a-random-review,r4-targeted,216485889,sentence-read,NO,PASS,FAIL,PASS,PASS,FAIL,PASS,FAIL,false
grief,11558944,Grief can mess you up if you're not careful.,pass,,Grief being difficult to handle is a direct emotional use that clearly teaches grief without graphic detail.,phase-a-random-review,r4-targeted,216485889,sentence-read,YES,PASS,PASS,PASS,PASS,PASS,PASS,PASS,false
fossil,11263097,The fossil proved to be the first one of its kind that revealed the tail fin contour in its entirety.,reject,specialist-background; context-too-hard,Tail-fin contour and a first-of-its-kind fossil discovery are specialist paleontology details that overwhelm fossil.,phase-a-random-review,r4-targeted,216485889,sentence-read,NO,PASS,FAIL,PASS,PASS,PASS,PASS,FAIL,false
conservative,11820287,"While I'm unashamedly a conservative, I'm also unashamed to admit that science has proven these things.",reject,political-heavy; context-dependent,The speaker's conservative identity and vague reference to what science proved make the sentence partisan and unclear on its own.,phase-a-random-review,r4-targeted,216485889,sentence-read,NO,PASS,PASS,PASS,FAIL,FAIL,PASS,FAIL,false
abuse,11600790,Abuse of power is only possible because we let people have power.,pass,,Abuse of power is a common civic collocation that directly shows abuse as misuse rather than physical harm.,phase-a-random-review,r4-targeted,216485889,sentence-read,YES,PASS,PASS,PASS,PASS,PASS,PASS,PASS,false
resume,10087374,I've made some changes to my resume.,pass,,Changes to a resume are a common job-search context that makes resume clear.,phase-a-random-review,r4-targeted,216485889,sentence-read,YES,PASS,PASS,PASS,PASS,PASS,PASS,PASS,false
creation,12778541,Do we live in a world of our own creation?,pass,,Our own creation is a simple philosophical use that directly illustrates creation.,phase-a-random-review,r4-targeted,216485889,sentence-read,YES,PASS,PASS,PASS,PASS,PASS,PASS,PASS,false
resort,12764689,The resort had everything they needed for a perfect vacation.,pass,,A resort with everything needed for vacation gives resort a concrete travel context.,phase-a-random-review,r4-targeted,216485889,sentence-read,YES,PASS,PASS,PASS,PASS,PASS,PASS,PASS,false
